trade_id	stock_symbol	trade_date	trade_type	quantity	price	brokerage_firm	trader_name
1	AMZN	10/26/2019	sell	871	901.18	Meevee	Marven Lerway
2	AMZN	11/8/2020	buy	517	194.42	Twitternation	Kassi Truin
3	AMZN	7/17/2018	sell	164	218.44	Cogidoo	Jehu MacHoste
4	AMZN	6/1/2013	buy	824	88.82	Leenti	Lawton Michallat
5	GOOGL	1/1/2020	sell	557	632.44	Kwilith	Maryanna Laflin
6	GOOGL	1/5/2012	sell	511	94.57	Miboo	Roxine Burkin
7	GOOGL	6/19/2016	buy	40	484.34	Trilia	Dominica Withrington
8	GOOGL	5/20/2013	sell	593	824.49	Yodo	Zachariah Tanswell
9	AAPL	9/7/2022	buy	890	816.34	Tagchat	Esra Kelsell
10	GOOGL	9/29/2019	buy	563	188.92	Mydeo	Eolande Luebbert
11	GOOGL	3/12/2010	sell	48	749.17	Eimbee	Dom Sturmey
12	AAPL	5/16/2016	buy	740	627.42	Twimbo	Noreen Burg
13	AAPL	9/18/2011	buy	384	194.61	Tagchat	Rockey Scranney
14	GOOGL	2/5/2017	buy	876	746.0	Devshare	Alonzo Kalkhoven
15	AMZN	9/24/2021	sell	856	748.08	Flipbug	Maurine Gigg
16	AAPL	3/7/2011	buy	119	322.68	Gabvine	Kalle Godby
17	AMZN	7/7/2016	buy	603	33.8	Leexo	Gay D'eye
18	AAPL	6/29/2018	buy	489	964.41	Quatz	Constantino Rickert
19	AAPL	11/15/2011	buy	72	934.39	Izio	Louis Flounders
20	GOOGL	8/30/2016	buy	359	817.0	Twitterbridge	Stacy Lintot
21	GOOGL	7/17/2019	sell	446	857.98	Twitterwire	Charlotte Dare
22	AAPL	4/30/2016	buy	574	92.99	Innojam	Sascha Meeson
23	AMZN	10/18/2021	buy	716	213.8	Dabjam	Wendall McCuaig
24	AAPL	2/15/2021	sell	182	166.48	Viva	Berkeley Bartolomeu
25	GOOGL	3/18/2010	sell	165	923.74	Abatz	Tiertza Osorio
26	GOOGL	8/18/2012	buy	340	176.26	Kwilith	Nero Theze
27	AMZN	10/18/2021	buy	435	29.79	Fadeo	Antoni Coe
28	AMZN	9/12/2011	sell	412	749.26	Thoughtstorm	Thibaut Gyles
29	AMZN	9/7/2018	buy	198	459.03	Yozio	Krystle Stode
30	AAPL	6/13/2019	buy	88	656.13	Tagtune	Dylan Aimer
31	GOOGL	10/5/2020	buy	400	782.72	Jayo	Belia Bigland
32	GOOGL	12/6/2013	buy	428	174.92	Skibox	Hammad Joron
33	GOOGL	9/21/2016	buy	355	545.96	Yadel	Chaddy Conlaund
34	GOOGL	11/10/2012	buy	152	772.32	Abatz	Bradney Kopman
35	AMZN	11/19/2015	buy	439	567.17	Browsetype	Ephrayim Schlagman
36	AAPL	3/14/2020	buy	946	477.41	Mydeo	Tad Ticic
37	GOOGL	6/28/2015	buy	933	628.62	Buzzster	Lesli Hanna
38	GOOGL	12/8/2017	buy	152	125.35	Jayo	Zora Moine
39	AMZN	6/23/2021	sell	943	647.84	Oyoba	Cyril Wight
40	AAPL	9/21/2018	buy	438	513.5	Skipfire	Tamra Goodredge
41	GOOGL	4/27/2015	sell	696	351.08	Eamia	Cole Godlonton
42	AMZN	12/10/2019	sell	615	902.59	Zoomzone	Talia Vince
43	AMZN	8/2/2014	sell	683	11.66	Devcast	Danila Hoyte
44	GOOGL	2/23/2018	sell	253	697.45	Dynabox	Lucretia Wolfe
45	AAPL	2/25/2014	sell	823	416.11	Skiptube	Maressa Iacofo
46	GOOGL	9/29/2022	buy	246	665.96	Buzzbean	Arlyn Canland
47	AAPL	7/4/2019	buy	867	304.04	Meembee	Meagan Goulborn
48	AMZN	2/12/2022	buy	621	373.79	Demivee	Cordula Langtry
49	AAPL	11/1/2020	buy	1000	545.09	Photofeed	Alis Millan
50	AAPL	1/28/2014	sell	793	342.69	Yakidoo	Ludwig Woolliams
51	GOOGL	1/23/2014	sell	361	452.92	Yodo	Di Yaus
52	AAPL	11/24/2016	sell	331	577.61	Mynte	Myrle Bielefeld
53	AMZN	7/4/2013	buy	664	816.14	Kwimbee	Parrnell Gundry
54	GOOGL	9/12/2011	sell	234	698.56	Yakijo	Jareb Clifton
55	AAPL	3/7/2022	sell	990	567.05	Lajo	Esther Trathan
56	GOOGL	5/5/2018	buy	137	81.44	Npath	Monah Fairham
57	AAPL	8/10/2016	sell	727	42.01	Divape	Kalinda Coldham
58	AAPL	5/3/2016	sell	739	905.76	Thoughtblab	Isacco Woodrup
59	AAPL	7/6/2018	buy	623	406.25	Wordify	Bethena Aldam
60	AAPL	8/31/2019	buy	727	495.9	Plajo	Jorey Fidelus
61	AMZN	4/11/2018	sell	999	351.29	Youspan	Alyse Whitington
62	AMZN	6/16/2019	buy	436	351.37	Trupe	Oates Congram
63	GOOGL	11/28/2019	buy	215	409.68	Divavu	Humphrey Dulanty
64	AAPL	9/24/2010	sell	358	840.2	Skipfire	Sarine Giacobazzi
65	AMZN	10/28/2013	sell	401	346.26	Rhyzio	Bink Eymer
66	AMZN	9/9/2011	buy	686	419.64	Youfeed	Giffard Yerrill
67	GOOGL	9/20/2010	sell	303	414.59	Realbuzz	Irita Marmion
68	AMZN	2/12/2017	sell	628	544.23	Livefish	Corbin Gatteridge
69	GOOGL	4/13/2014	sell	873	526.32	Janyx	Brittni Donohue
70	AMZN	3/27/2014	sell	899	437.47	Buzzster	Emilia Ruggs
71	GOOGL	9/14/2011	sell	599	948.88	Thoughtstorm	Jameson Simone
72	AAPL	9/17/2020	buy	389	572.9	Avavee	Camala Aubert
73	GOOGL	8/2/2021	sell	657	976.4	Twiyo	Ellswerth Naisbitt
74	AAPL	2/9/2016	sell	658	597.07	Babblestorm	Harmonie Oman
75	AAPL	7/17/2021	buy	147	905.8	Devify	Creigh Stoyles
76	GOOGL	8/18/2016	sell	864	534.44	Wikibox	Linnie Duff
77	AMZN	11/23/2014	sell	624	860.66	Skiba	Sayres Jerrold
78	GOOGL	7/7/2022	buy	311	864.2	Eazzy	Gabbey Yakunkin
79	AAPL	3/23/2016	buy	134	663.71	Eidel	Ettore Brede
80	AAPL	3/31/2019	sell	386	600.25	Yozio	Rafael O' Sullivan
81	AMZN	7/24/2010	sell	761	551.79	Yodel	Diahann Bittlestone
82	GOOGL	5/3/2019	sell	152	657.74	Skibox	Candi Topley
83	AAPL	7/27/2011	sell	828	640.84	Voonder	Angeli Hassan
84	AMZN	12/25/2021	sell	96	680.75	Jaxbean	Alair Uridge
85	GOOGL	6/28/2016	buy	702	2.94	Yodo	Katrina Barnby
86	AAPL	10/22/2012	sell	829	13.76	Kaymbo	Adah Minchenton
87	GOOGL	2/14/2015	buy	93	365.94	Photobean	Luigi Garnett
88	AMZN	12/22/2022	buy	801	44.49	Lazzy	Glynis Heamus
89	AMZN	4/26/2014	sell	427	755.41	Feedfish	Goran Tiddy
90	AMZN	9/2/2010	sell	195	71.52	Skipstorm	Erie Slowly
91	AAPL	11/5/2015	buy	347	209.6	Dabvine	Euphemia Norway
92	AMZN	7/4/2013	sell	870	770.25	Buzzdog	Elsey Docksey
93	GOOGL	12/10/2021	sell	978	642.64	Riffpath	Glori Parsonson
94	AMZN	1/7/2021	sell	288	475.36	Vidoo	Zabrina De Zamudio
95	AMZN	4/21/2018	sell	542	993.21	Rhyzio	Corrie Shapcote
96	AMZN	11/29/2020	buy	430	756.53	Twitterlist	Glenden Roswarne
97	GOOGL	8/27/2020	sell	501	367.77	Yakitri	Tamma Fann
98	AAPL	8/2/2018	sell	895	756.78	Gigazoom	Barbi Turneaux
99	GOOGL	12/21/2019	buy	233	870.33	Babbleopia	Randell Bankes
100	AAPL	6/30/2020	buy	839	178.95	Lajo	Benjie Dowty
101	AAPL	11/22/2021	buy	492	122.18	Jabbercube	Melisandra Nelthorp
102	AMZN	1/27/2021	sell	811	466.35	Wikibox	Brandi Stellman
103	AAPL	7/10/2017	sell	705	857.96	Youbridge	Cornell Ugo
104	AAPL	3/25/2015	sell	311	614.96	Photojam	Cybil Connerly
105	AMZN	11/28/2021	buy	477	172.33	Browsecat	Milka Hattersley
106	AAPL	10/23/2013	buy	596	780.66	Brightdog	Deidre Timbs
107	AMZN	9/16/2018	buy	338	654.3	Twinte	Lonnard Chamberlain
108	GOOGL	7/4/2014	sell	925	768.42	Riffwire	Leroi Bissex
109	AAPL	3/31/2018	sell	410	669.7	Blogtag	Finlay Maffini
110	AAPL	5/14/2022	sell	518	988.32	Oyonder	Georgeta Whimp
111	GOOGL	3/24/2014	buy	577	748.47	Shuffletag	Brittney Colson
112	AAPL	2/21/2010	sell	740	128.61	Zava	Daniella Cardenoza
113	AMZN	8/29/2015	sell	281	71.25	Brainbox	Salomi McQuillin
114	GOOGL	5/31/2019	buy	752	431.91	Divavu	Keenan Kingswoode
115	AAPL	7/9/2020	sell	343	453.64	Gabtune	Dot Bachmann
116	GOOGL	1/19/2012	sell	834	419.59	Brainbox	Odelia Hasley
117	AAPL	4/28/2016	buy	98	645.94	Photojam	Lillian Skevington
118	AAPL	5/15/2014	buy	326	138.98	Topicware	Austina Lourens
119	AAPL	5/25/2012	buy	512	155.09	Blogtag	Auguste Cassie
120	AAPL	5/21/2021	sell	636	66.94	Browseblab	Tobi Kordovani
121	AMZN	8/18/2011	buy	186	83.56	Skajo	Jakob Huxster
122	GOOGL	9/7/2022	sell	344	879.1	Skidoo	Tudor Jouannisson
123	AAPL	6/25/2012	sell	693	394.12	Oozz	Karlee Petrelli
124	GOOGL	11/11/2013	sell	420	872.9	Realfire	Engelbert Albone
125	AAPL	6/21/2014	sell	104	136.05	Tagtune	Karissa Tibald
126	AAPL	10/5/2021	sell	944	689.46	Twimm	Dugald Hutton
127	AAPL	10/26/2018	buy	59	177.48	Edgetag	Klement Paolillo
128	AAPL	5/1/2013	buy	129	807.73	Jaxbean	Stefanie Trathan
129	AMZN	9/28/2012	sell	847	301.86	Tagopia	Paolina O' Dornan
130	AMZN	1/25/2011	buy	732	746.0	Zazio	Leonora Peasegod
131	GOOGL	12/11/2019	buy	490	997.2	Blogspan	Lilian O'Dreain
132	GOOGL	3/24/2015	sell	703	708.84	Agivu	Bartram Hardacre
133	AMZN	11/26/2012	buy	125	961.9	Trilia	Devan Rumke
134	AAPL	2/13/2016	buy	108	269.56	Wordtune	Knox Proffer
135	AAPL	8/25/2011	buy	468	811.07	Aimbo	Kaitlin Petrovsky
136	AAPL	7/28/2018	buy	756	828.67	Skyble	Robby Coulthard
137	GOOGL	11/16/2014	sell	844	187.48	Jabbertype	Clarisse Caiger
138	GOOGL	11/21/2012	sell	20	877.03	Photolist	Packston Cowlard
139	GOOGL	7/15/2010	buy	545	441.27	Ozu	Winny Wattingham
140	AAPL	11/16/2018	sell	106	569.45	Voonte	Fayina Ingerith
141	GOOGL	12/31/2011	sell	725	345.16	Kwinu	Margalo Buttrey
142	AAPL	10/19/2019	buy	217	481.83	Devbug	Blinni Epperson
143	AMZN	11/16/2022	sell	521	538.16	Kimia	Wyndham Elliss
144	GOOGL	10/17/2011	sell	438	418.57	Quimba	Una Grayer
145	AAPL	1/31/2021	sell	159	319.89	Vimbo	Fallon Firle
146	AAPL	7/19/2015	sell	214	773.36	Katz	Keelby Caig
147	AMZN	8/17/2022	sell	764	560.0	Skivee	Thomasa Bramer
148	AAPL	9/17/2020	sell	115	526.0	Tagchat	Frannie Carlozzi
149	GOOGL	5/25/2015	sell	261	798.04	Omba	Gerik Ossipenko
150	GOOGL	2/23/2014	buy	451	672.61	Topiczoom	Napoleon Westwater
151	AMZN	1/15/2022	buy	134	50.05	Buzzster	Janaye Caro
152	AAPL	10/11/2013	buy	634	221.67	Innojam	Olenka Hacquel
153	GOOGL	10/19/2017	buy	930	721.59	Oloo	Conn Whitchurch
154	GOOGL	1/28/2012	buy	675	213.46	Wordify	Zandra Beddow
155	AMZN	1/26/2014	buy	681	796.46	Gevee	Georgiana Bamblett
156	GOOGL	7/18/2013	sell	783	81.09	Browsedrive	Madeline Medway
157	AMZN	6/10/2021	sell	661	243.75	Fanoodle	Rufus Megroff
158	GOOGL	4/26/2018	buy	26	121.39	Kare	Travis Brazer
159	AMZN	7/16/2012	sell	746	291.82	Zoozzy	Bendicty Gowrich
160	AAPL	11/26/2013	sell	446	491.58	Digitube	Sybila MacNeillie
161	AAPL	2/3/2012	buy	337	220.55	Eadel	Maryjane Duplock
162	AAPL	6/7/2010	buy	623	397.13	Feednation	Tiffi Oolahan
163	GOOGL	2/18/2014	sell	148	345.38	Zoombeat	Cammi McHarry
164	GOOGL	5/2/2018	buy	649	804.17	Podcat	Oberon Mannie
165	AAPL	11/6/2016	sell	163	449.58	Mybuzz	Joey Sloane
166	AMZN	3/6/2017	sell	778	469.54	Thoughtstorm	Selma O'Feeney
167	AAPL	1/8/2010	sell	635	986.32	Feedfish	Denis Haruard
168	AAPL	12/16/2012	sell	142	406.98	Zoomcast	Dalis O'Cridigan
169	AAPL	11/11/2021	buy	196	642.51	Katz	Kata Concannon
170	AAPL	8/23/2021	sell	313	542.32	Riffwire	Gianna Janovsky
171	AMZN	1/6/2021	buy	308	742.17	Yozio	Joachim Rodder
172	GOOGL	7/29/2021	buy	821	351.25	Thoughtsphere	Curran Medd
173	GOOGL	9/5/2012	buy	156	963.65	Babbleopia	Jess Chillistone
174	AMZN	6/28/2016	buy	266	610.49	Yozio	Antonius Bleakley
175	AAPL	6/17/2021	buy	29	671.38	Midel	Dennie Buzine
176	AAPL	5/23/2010	buy	192	720.6	Mydo	Ignatius Baddam
177	AMZN	7/12/2017	buy	988	318.62	Dabtype	Amye Robbins
178	AAPL	5/16/2019	sell	915	230.55	Yakijo	Jessalin Lefley
179	AAPL	3/16/2015	buy	817	196.34	Aimbu	Jdavie Newall
180	GOOGL	11/11/2020	sell	772	724.94	Janyx	Em Blanking
181	AAPL	1/12/2019	sell	628	102.79	Ntag	Bili Valance
182	GOOGL	12/29/2012	buy	722	189.52	Brightdog	Royce Kittles
183	AMZN	10/18/2017	sell	879	531.73	Gigazoom	Adara Cyphus
184	AMZN	6/22/2019	sell	690	509.14	Jaxspan	Corrianne Plumridge
185	AAPL	11/13/2019	buy	390	758.41	Centimia	Janeta Leebeter
186	AAPL	11/21/2013	buy	252	240.86	Trilia	Ogden Huws
187	AMZN	12/21/2020	buy	602	947.01	Zoozzy	Elisabetta Giorgione
188	GOOGL	5/14/2021	buy	825	267.12	Dynazzy	Kissie Aujean
189	AAPL	2/22/2022	sell	405	261.55	Voolia	Margaux Hurrion
190	AAPL	5/18/2015	sell	738	222.46	Yambee	Haily Cowle
191	GOOGL	1/18/2011	buy	461	234.73	Fliptune	Hyacinthie Buggs
192	GOOGL	1/14/2010	buy	908	354.41	Dablist	Diane-marie Antwis
193	AMZN	12/7/2022	buy	635	925.92	Snaptags	Smitty Utting
194	AMZN	4/14/2016	sell	515	852.9	Jaxbean	Rutter Bleything
195	AMZN	1/25/2015	buy	397	688.01	Wikibox	Sheri Steuhlmeyer
196	GOOGL	1/4/2022	sell	46	123.78	Yombu	Lin Dracey
197	AAPL	7/23/2016	sell	707	241.97	Quire	Lemuel Pullan
198	AAPL	5/15/2018	buy	698	594.94	Voonyx	Norby Colmore
199	GOOGL	11/7/2020	buy	394	64.47	Leexo	Avivah Middleditch
200	AAPL	12/6/2012	sell	162	735.92	Livepath	Noni Caps
201	GOOGL	9/18/2016	buy	431	505.79	Skyndu	Angie Jozsa
202	GOOGL	11/11/2020	buy	410	304.33	Meemm	Robinson Mariot
203	AMZN	2/3/2014	sell	213	50.89	Zoozzy	Kiersten Riding
204	AAPL	10/17/2022	buy	938	76.2	Kwimbee	Murielle Searchfield
205	AAPL	2/15/2014	buy	781	388.14	Zooveo	Steffi Arne
206	GOOGL	7/10/2020	sell	175	158.07	Quinu	Otto Monkeman
207	AAPL	4/14/2021	buy	450	668.68	Zoombox	Bette Etienne
208	AAPL	2/8/2010	buy	595	726.92	Thoughtstorm	Derry MacSkeaghan
209	GOOGL	12/11/2014	sell	750	639.85	Flashset	Joanne Dow
210	AMZN	1/26/2019	buy	887	494.6	Katz	Alasteir Simeone
211	GOOGL	3/7/2021	buy	240	978.34	Jabberbean	Garwin Elmer
212	GOOGL	4/25/2019	buy	120	346.22	Meetz	Marjie Goldine
213	AMZN	10/5/2014	buy	187	393.79	Browsebug	Greer Shalliker
214	AAPL	6/25/2013	sell	788	561.94	Divape	Aigneis Filipovic
215	AMZN	6/1/2021	sell	339	556.3	Avaveo	Mareah Rosario
216	AAPL	11/8/2014	buy	56	475.57	Gabtune	Alfred Soutter
217	GOOGL	2/28/2017	buy	222	205.17	Meembee	Leesa Chetwind
218	AAPL	7/17/2017	buy	757	96.65	Thoughtblab	Boothe Ipgrave
219	AAPL	11/15/2014	sell	577	568.03	Zoombeat	Natal Milton-White
220	GOOGL	3/8/2017	sell	801	596.73	Jayo	Aretha Parley
221	AMZN	5/25/2011	buy	173	541.25	Wordtune	Giles Impy
222	AAPL	9/5/2012	sell	177	330.43	Feedbug	Lauri Romagnosi
223	AMZN	5/5/2014	buy	399	359.95	Realfire	Jenilee Caroli
224	AMZN	10/12/2013	buy	683	99.12	Dynabox	Bondy Sobieski
225	GOOGL	11/6/2011	sell	87	231.56	Minyx	Deloris Chipp
226	AAPL	9/17/2017	sell	920	32.46	Yakitri	Liam Halpin
227	GOOGL	10/30/2014	sell	480	955.05	Trilith	Shirline Corser
228	GOOGL	6/29/2013	sell	158	228.23	Snaptags	Reba Rosenau
229	AMZN	6/11/2012	sell	771	176.61	Realmix	Lesley Slade
230	AMZN	7/2/2016	buy	407	391.36	Eadel	Deeyn Bruhnicke
231	AAPL	8/29/2010	sell	149	931.8	Twiyo	Tandi Paprotny
232	AAPL	1/18/2020	buy	953	219.71	Camido	Clerc Andreassen
233	GOOGL	11/17/2022	buy	453	698.53	Edgewire	Susanetta Stanyland
234	AAPL	4/22/2015	sell	956	376.37	Skimia	Kare Carnachen
235	AAPL	9/7/2019	sell	236	588.31	Flipbug	Emmanuel Antoniades
236	AAPL	4/21/2020	buy	184	499.67	Gigaclub	Welsh Casaro
237	GOOGL	9/29/2022	buy	687	815.99	Skimia	Norma Moulster
238	GOOGL	9/24/2011	buy	797	356.87	Dabtype	Jeanne Dobell
239	AAPL	9/29/2017	sell	812	528.57	Meembee	Delilah Booij
240	AMZN	2/19/2014	buy	161	986.46	Ozu	Marga Ahmad
241	AMZN	10/24/2016	buy	763	968.48	Brightdog	Karoly Dimnage
242	GOOGL	11/13/2018	sell	183	918.99	Digitube	Orelie Raffeorty
243	AAPL	1/12/2022	sell	280	80.79	Oba	Amalie Dobrowlski
244	GOOGL	7/4/2015	buy	372	361.47	Livepath	Leigh Ida
245	AMZN	11/8/2015	buy	950	194.86	Babbleset	Maxy Corbie
246	GOOGL	10/19/2010	sell	559	861.67	Trudeo	Faulkner Mealand
247	GOOGL	1/25/2019	sell	943	705.35	Fivespan	Archie Bradnam
248	AMZN	11/15/2015	buy	603	751.79	Quimm	Nanni Burehill
249	AAPL	9/30/2012	buy	534	498.74	Dynabox	Moshe Jendrassik
250	GOOGL	6/13/2016	buy	480	318.59	Skinder	John Cuxon
251	AMZN	12/24/2014	sell	730	345.37	Innotype	Feliza Beumant
252	AAPL	8/2/2010	sell	931	827.26	Thoughtbridge	Ford Barles
253	AMZN	6/12/2012	buy	13	465.1	Livefish	Myrvyn Kropp
254	AMZN	11/12/2013	buy	40	592.25	Riffpath	Rene Carous
255	AAPL	12/3/2022	sell	696	464.98	Avamm	Artus Birkmyre
256	AAPL	12/13/2010	buy	809	132.31	Centizu	Perceval Mundford
257	AMZN	6/10/2011	sell	50	769.79	Plambee	Shanta Kittless
258	AMZN	3/21/2019	sell	949	161.21	Twimm	Hermina Tyrer
259	AMZN	9/12/2011	sell	415	548.24	Browsecat	Aloysius Oret
260	AMZN	3/25/2021	buy	346	52.55	Pixonyx	Rosa Vanshin
261	GOOGL	1/11/2015	buy	640	730.15	Livepath	Fred Kindleside
262	GOOGL	3/12/2021	buy	307	797.18	Babbleset	Raff Plitz
263	GOOGL	7/15/2011	sell	606	537.84	Linkbuzz	Natale Machin
264	AMZN	7/24/2022	buy	323	876.72	Bluejam	Donetta Brenneke
265	AMZN	7/1/2015	buy	399	452.05	Thoughtstorm	Jacynth Waddie
266	GOOGL	11/20/2020	sell	188	391.26	Bubblebox	Kylen Chadburn
267	AMZN	1/26/2019	buy	64	357.81	Wordtune	Hilliard Minker
268	AMZN	5/22/2012	buy	224	287.84	Skalith	Lindsey Chedzoy
269	AMZN	3/20/2012	buy	979	837.06	Fatz	Renard Raistrick
270	AMZN	9/6/2014	buy	820	254.15	Rhynoodle	Lucienne Chiene
271	AMZN	1/4/2010	buy	393	544.81	Gevee	Perle Staddart
272	AMZN	8/1/2014	sell	265	138.37	Gevee	Mureil Shillam
273	GOOGL	1/21/2014	sell	726	779.67	Kwimbee	Lorraine Khadir
274	AAPL	4/19/2010	sell	980	101.03	Brainverse	Chrisy Collopy
275	AAPL	1/18/2022	sell	35	712.92	Oba	Standford Kelley
276	AMZN	9/25/2019	sell	485	729.94	Teklist	Kristyn Koschek
277	AAPL	9/2/2013	buy	970	164.2	Riffpath	Tallia Fishlock
278	GOOGL	5/31/2012	buy	955	100.09	Bubblemix	Jeannie Heimann
279	GOOGL	8/3/2010	buy	539	23.42	Flashdog	Flynn Moland
280	AMZN	6/26/2014	buy	824	653.65	Tagopia	Georgette Child
281	GOOGL	12/26/2016	sell	197	970.99	Brightdog	Monika Dawes
282	GOOGL	5/19/2012	sell	62	849.79	Shufflebeat	Mart Krop
283	AAPL	3/5/2016	buy	274	815.05	Skipstorm	Bobbie Grolmann
284	AAPL	10/28/2013	buy	707	687.7	Dablist	Edgardo McIllroy
285	AMZN	7/1/2010	sell	782	704.09	Realblab	Forrest Kennerley
286	GOOGL	3/16/2017	sell	735	6.07	DabZ	Michaeline Dunston
287	AMZN	10/10/2015	buy	675	820.65	Avaveo	Gibbie Rosenfield
288	AMZN	4/27/2012	buy	80	355.32	Bubbletube	Elbert Farlow
289	GOOGL	10/24/2014	sell	311	300.38	Realcube	Joelie Blanpein
290	GOOGL	2/25/2022	sell	253	248.29	Babbleblab	Miran Darragh
291	AMZN	11/18/2018	sell	258	871.62	Browsecat	Alvina Fidilis
292	GOOGL	8/6/2013	sell	210	787.57	Zoomlounge	Brook Catling
293	GOOGL	1/8/2020	sell	626	673.24	Meevee	Spenser Guard
294	AAPL	8/23/2022	sell	287	200.54	Quimba	Kaleb Cherry Holme
295	AMZN	7/13/2016	buy	444	918.59	Vipe	Madelin Pinks
296	AMZN	12/27/2020	sell	361	542.32	Wordify	Stanleigh Zelake
297	GOOGL	2/6/2015	sell	355	673.97	Thoughtsphere	Ham McCawley
298	AMZN	5/10/2011	buy	594	196.7	Meetz	Hillyer Palin
299	GOOGL	6/25/2015	buy	77	843.26	Voonte	Elka Bilbrooke
300	AAPL	12/21/2018	buy	12	743.62	Digitube	Kamilah Frazer
301	AMZN	4/13/2019	sell	830	378.65	Minyx	Janeczka Reinert
302	AAPL	9/23/2019	buy	339	192.56	Jabberstorm	Janene Franzke
303	AAPL	12/19/2013	sell	752	232.68	Layo	Marilee Cruz
304	AMZN	10/18/2019	buy	57	461.21	Babbleopia	Orren Braithwait
305	GOOGL	10/28/2020	buy	992	799.8	Meemm	Remington Avramovich
306	AAPL	6/30/2013	sell	973	962.51	Skyndu	Cord Philpin
307	AAPL	12/23/2021	buy	770	728.77	Demivee	Doe Rothman
308	GOOGL	2/1/2022	buy	662	349.72	Skinder	Rutledge Durn
309	GOOGL	3/4/2019	buy	511	3.52	Edgeblab	Orazio Lembcke
310	GOOGL	10/25/2015	buy	919	771.21	Roombo	Rourke Cuthill
311	AMZN	9/27/2011	buy	935	618.58	Ainyx	Grace Lowde
312	AAPL	1/21/2013	sell	990	872.15	Topicstorm	Duffie Wones
313	GOOGL	3/3/2015	sell	471	569.21	Zoomdog	Bessie Dryburgh
314	GOOGL	8/3/2015	sell	159	958.03	Skidoo	Chickie Broscombe
315	GOOGL	10/14/2019	sell	725	214.31	Quinu	Catrina Kerins
316	AMZN	7/9/2014	sell	369	609.75	Wikibox	Lorri Chason
317	AMZN	8/31/2020	buy	392	786.59	Demizz	Ediva Reddel
318	AMZN	5/31/2012	sell	275	519.74	Meeveo	Edythe De Lasci
319	GOOGL	6/26/2022	sell	677	605.7	Skyble	Marcelline Darcy
320	AMZN	2/19/2021	sell	548	447.42	Divavu	Humfrid Karlik
321	AAPL	12/31/2016	sell	56	559.05	Realbridge	Tiena Brunning
322	AAPL	6/24/2020	sell	944	306.45	Meedoo	Sherye MacDonagh
323	GOOGL	1/30/2013	sell	920	829.85	Quimba	Angelia Kornyakov
324	GOOGL	10/27/2016	sell	616	298.62	Jetwire	Emmeline Torregiani
325	AAPL	5/21/2012	buy	792	619.27	Eare	Sioux Odde
326	GOOGL	11/5/2011	buy	503	29.81	Roodel	Elinore Novotna
327	AMZN	5/29/2017	buy	443	895.87	Ntag	Kerstin Pridham
328	AMZN	7/26/2014	buy	658	827.65	Meeveo	Axe Eldredge
329	GOOGL	12/27/2010	buy	203	687.65	Photospace	Bess Widdison
330	GOOGL	2/26/2014	buy	375	259.54	Jabbersphere	Bobinette Vonderdell
331	GOOGL	7/1/2018	buy	198	758.97	Skiba	Drucie Gianotti
332	AMZN	7/21/2013	buy	108	809.24	Teklist	Auroora Bromley
333	AAPL	10/22/2016	buy	346	194.76	Fivechat	Zorah Corder
334	AMZN	2/20/2016	sell	351	309.33	Eazzy	Alfonse Friskey
335	AAPL	10/19/2019	sell	56	543.25	Devify	Waly Thackray
336	GOOGL	12/19/2018	buy	154	694.05	Centimia	Stepha Maciak
337	GOOGL	5/7/2022	sell	22	223.48	Leenti	Cyril Sissens
338	AMZN	6/12/2010	buy	506	599.77	Janyx	Sheri Dunbobbin
339	AMZN	12/8/2020	sell	715	825.48	Kazio	Sherri Cayle
340	AMZN	6/12/2010	buy	904	680.39	Skibox	Clevey Yackiminie
341	AAPL	7/24/2010	sell	259	309.23	Youtags	Raina Bertrand
342	AAPL	6/22/2010	buy	689	473.7	Zooxo	Hanny Truse
343	AMZN	10/24/2016	sell	448	120.33	Katz	Brandais Kirke
344	GOOGL	6/10/2019	sell	743	859.55	Shuffledrive	Nolie de Clerc
345	GOOGL	6/2/2017	sell	828	989.11	Youfeed	Towny Schooling
346	AAPL	8/26/2012	buy	709	207.19	Edgeclub	Niels Fyfe
347	AAPL	11/20/2012	buy	896	845.35	Riffpath	Krisha Rowler
348	AMZN	11/30/2013	buy	574	597.35	Vinte	Klarika Beacon
349	AAPL	11/13/2019	sell	308	216.99	Digitube	Olivia Eccott
350	GOOGL	6/28/2018	sell	36	277.79	Buzzdog	Wally Sherwen
351	AMZN	4/8/2020	sell	68	23.86	Trilith	Abbie Sandhill
352	AAPL	8/5/2019	sell	690	122.37	Photobug	Sherie Winskill
353	AMZN	1/6/2018	sell	174	741.37	Photospace	Lorain Gasgarth
354	AAPL	4/21/2020	buy	871	173.61	Trudeo	Crysta Loveredge
355	AMZN	1/7/2017	sell	838	733.47	Aimbo	Peterus McKeney
356	AMZN	7/30/2022	sell	943	368.29	Feedfish	Fanechka Lighten
357	AMZN	10/15/2018	sell	978	935.67	Twitterbridge	Nelson Bilbrooke
358	AMZN	6/11/2018	buy	180	712.82	Meevee	Flo Stronack
359	AAPL	1/8/2010	sell	11	537.61	Oyondu	Ainsley Cowerd
360	AAPL	6/27/2021	buy	411	574.0	Rhynyx	Whitney Paolo
361	AAPL	1/15/2015	sell	488	311.73	Dynava	Malchy Gorman
362	AAPL	4/2/2020	sell	583	841.17	Linkbuzz	Bendicty Roadknight
363	AMZN	1/9/2012	sell	35	831.33	Roodel	Udale Satch
364	AMZN	5/20/2017	buy	38	993.73	Thoughtstorm	Sapphire Pearsey
365	GOOGL	7/12/2018	buy	211	349.6	Devpulse	Roobbie Ganforth
366	GOOGL	4/9/2019	buy	560	592.19	Oodoo	Ly Oret
367	AAPL	7/26/2018	sell	701	682.99	Pixoboo	Abie Camidge
368	AMZN	10/5/2016	buy	242	17.33	Shuffledrive	Jennifer Headrick
369	AAPL	9/30/2017	buy	378	160.9	Twimbo	Cyrille Hyde-Chambers
370	AAPL	12/16/2022	buy	202	846.71	Jabbersphere	Ynes Lockart
371	AAPL	3/16/2018	sell	81	36.62	Dazzlesphere	Briant Bailess
372	AAPL	2/22/2022	buy	606	834.1	Oyoyo	Laney Cristofalo
373	GOOGL	1/27/2013	sell	385	262.32	Realmix	Hildagard Hurles
374	AMZN	7/12/2016	sell	996	893.53	Trudoo	Jandy Bauman
375	AAPL	1/20/2010	sell	346	27.63	Buzzshare	Byrom Cleife
376	AAPL	2/8/2010	sell	667	757.04	Wordware	Lexy Castagneto
377	AMZN	10/30/2016	buy	793	515.77	Skimia	Hasty Scrivener
378	AAPL	2/3/2012	buy	118	399.37	Brainverse	Irita Fancy
379	GOOGL	7/15/2022	buy	739	314.53	Zoonoodle	Annelise Pipet
380	GOOGL	7/12/2017	sell	600	191.32	Flashspan	Bibbye Carless
381	GOOGL	10/7/2010	sell	696	183.21	Blogtag	Packston Danforth
382	AMZN	11/22/2015	sell	31	516.65	Blogpad	Timofei Mashal
383	AAPL	6/24/2012	buy	50	62.46	Youopia	Tyne Trent
384	AAPL	3/3/2022	sell	483	13.73	Trunyx	Donny Claringbold
385	AAPL	4/4/2013	sell	442	898.46	Fatz	Eugenius Jakubovicz
386	GOOGL	5/10/2022	buy	879	913.87	Rhynoodle	Ardyce Coils
387	AAPL	2/7/2020	sell	497	589.82	Meezzy	Yule Atkirk
388	AMZN	6/30/2015	buy	151	917.69	Jabberbean	Viki Smurfit
389	AAPL	2/4/2015	sell	110	592.0	Vipe	Hana McClintock
390	GOOGL	3/1/2012	buy	423	323.11	Latz	Wilton Quin
391	AAPL	8/10/2012	buy	43	991.09	Eabox	Teriann MacCaffrey
392	GOOGL	10/10/2016	buy	155	513.75	Realcube	Gardner Dedrick
393	AMZN	2/23/2018	buy	847	226.88	Kare	Arleta Oxx
394	GOOGL	1/4/2018	buy	852	882.45	Twitterbridge	Dot Duffield
395	AMZN	5/15/2014	sell	839	206.79	Tagopia	Elbert Gliddon
396	GOOGL	2/28/2013	buy	628	825.2	Bubblebox	Regan Ingham
397	GOOGL	5/30/2012	sell	685	721.52	Quimba	Orren Cork
398	GOOGL	1/26/2017	buy	447	74.57	Dabtype	Jesse Rattery
399	AAPL	10/16/2015	sell	572	855.84	Twimbo	Babbie Premble
400	AMZN	4/26/2011	buy	127	711.63	Skyble	Filia Ferronel
401	GOOGL	1/24/2011	buy	179	602.1	Gabvine	Scarface Bartoloma
402	AMZN	3/7/2012	sell	144	616.22	Dynabox	Nicoli Ambrogelli
403	AMZN	1/25/2019	sell	841	244.15	Zoombeat	Woodrow Hurdis
404	AAPL	1/8/2022	buy	202	3.99	Dynabox	Lucilia Steaning
405	AMZN	6/6/2012	buy	556	242.24	Jaxnation	Ianthe Killimister
406	GOOGL	2/16/2010	buy	49	354.1	Jabberbean	Alfy Wayper
407	AMZN	7/23/2017	buy	802	957.69	Cogibox	Carlynn Attreed
408	GOOGL	12/8/2020	buy	371	935.94	Kwilith	Lindi Mander
409	GOOGL	6/21/2021	sell	731	737.62	Photofeed	Maurise Stappard
410	AAPL	5/7/2015	buy	135	706.6	Abata	Justis Merriott
411	GOOGL	7/1/2013	buy	639	327.39	Plambee	Electra Leicester
412	GOOGL	7/9/2020	buy	695	637.31	Blogtags	Denys Simonnin
413	GOOGL	8/19/2022	sell	494	389.67	Flashdog	Leon Zorzini
414	GOOGL	3/22/2014	sell	767	376.49	Twitterbridge	Wilfrid Tettersell
415	AAPL	12/14/2021	sell	327	434.08	Skiba	Angil Whetson
416	AMZN	6/10/2018	sell	134	335.8	Zazio	Olga Tettersell
417	GOOGL	5/13/2016	buy	645	842.89	Jabbersphere	Carole Fishley
418	AAPL	6/26/2012	buy	333	21.83	Avaveo	Alisa Smaile
419	GOOGL	10/23/2013	buy	519	347.15	Fadeo	Amil Gebbie
420	AAPL	3/1/2014	buy	696	152.59	Oyonder	Hewie Malt
421	GOOGL	1/28/2017	buy	916	750.65	Brightdog	Kipper MacWhirter
422	AMZN	5/13/2012	buy	887	955.05	Kimia	Charleen Petcher
423	AAPL	3/13/2014	sell	512	325.26	Divape	Ophelia Muat
424	AAPL	3/4/2013	sell	617	257.57	Feednation	Valma Challen
425	AAPL	12/2/2020	buy	818	801.11	Cogibox	Fiona Wayte
426	AAPL	7/12/2020	sell	171	404.41	Skaboo	Barny Verni
427	GOOGL	8/12/2014	buy	589	412.29	Voonyx	Charlton Stallybrass
428	AMZN	5/30/2015	buy	496	132.04	Demimbu	Bran Syrie
429	GOOGL	10/24/2016	sell	762	650.37	Kwinu	Aggie Orritt
430	AMZN	1/8/2011	buy	913	494.35	Rhynoodle	Rois Libbey
431	AAPL	4/30/2019	sell	481	262.74	Mydeo	Ceil Penhall
432	AMZN	4/23/2017	buy	277	124.72	Einti	Dieter Shaw
433	GOOGL	8/27/2019	sell	574	632.28	Gigazoom	Kerstin Aggett
434	AMZN	5/21/2019	sell	423	79.09	Aibox	Kaspar Ricciardi
435	AAPL	9/6/2019	buy	363	508.96	Browsedrive	Zaccaria Hattersley
436	GOOGL	12/14/2015	sell	142	222.71	Kare	Iain Piddlehinton
437	AMZN	5/27/2020	buy	239	509.41	Twinte	Daniela Kneeland
438	AMZN	7/22/2018	sell	57	198.16	Vimbo	Dru Braybrooks
439	AAPL	2/24/2018	buy	930	527.9	Thoughtbeat	Chelsae Bedding
440	AAPL	1/7/2020	sell	105	558.04	Skalith	Coral Yexley
441	AAPL	5/2/2014	buy	815	716.31	Leexo	Sophi Ouldcott
442	AAPL	10/20/2021	sell	719	666.44	Shuffletag	Kimberly Norton
443	AAPL	9/21/2021	sell	177	660.22	Vipe	Imojean Iles
444	AMZN	3/7/2010	buy	656	356.09	Bubbletube	Antoinette Cogan
445	AMZN	2/6/2015	buy	403	566.21	Divavu	Gauthier Kunneke
446	AMZN	12/21/2022	buy	396	688.38	Topiczoom	Bryon Lober
447	GOOGL	12/12/2017	sell	612	983.39	Quamba	Julina Gilfillan
448	AMZN	12/16/2021	sell	997	23.56	Meevee	Evangelin Elintune
449	AAPL	11/9/2011	sell	543	332.97	Miboo	Myra Colliss
450	GOOGL	2/12/2020	sell	225	765.52	Shuffletag	Kaylyn Pratton
451	AMZN	2/1/2014	sell	237	646.2	Blogtags	Alvina Ansett
452	GOOGL	12/20/2015	sell	36	812.04	Geba	Jourdan Willmetts
453	AAPL	1/19/2014	buy	660	561.84	Myworks	Birch Picard
454	GOOGL	4/24/2013	sell	647	791.73	Vinte	Jean Dempster
455	GOOGL	4/24/2014	buy	261	604.76	Twimbo	Dacie Loseby
456	AMZN	2/8/2019	sell	455	997.13	Buzzster	Shaine Tomczykiewicz
457	GOOGL	10/28/2017	buy	872	519.43	Trupe	Hazlett Garbett
458	AMZN	8/28/2016	buy	74	4.42	BlogXS	Chauncey Passingham
459	AAPL	7/16/2022	sell	506	580.51	Riffwire	Colette Fyndon
460	AAPL	8/9/2019	buy	409	111.57	Fivechat	Caresse Pragnall
461	AMZN	6/1/2017	buy	349	185.28	Centimia	Godwin Wiseman
462	AMZN	12/2/2019	buy	328	919.13	Tagfeed	Scotty Faulkener
463	AAPL	12/3/2016	sell	967	188.54	Divape	Ashleigh Cavil
464	AAPL	1/17/2022	buy	208	464.86	Innojam	Obadias Stuckey
465	AMZN	5/26/2012	sell	855	453.78	Eadel	Damaris Gamett
466	AMZN	11/27/2022	buy	349	904.28	Avamba	Marina De Zamudio
467	AMZN	5/2/2019	buy	308	27.88	Mynte	Enid Gooday
468	AAPL	8/26/2013	sell	716	494.45	DabZ	Essy Salway
469	AAPL	10/30/2022	buy	441	281.56	Meejo	Ted Di Biasio
470	GOOGL	1/13/2016	buy	139	10.12	Dablist	Dorie Leroy
471	AAPL	8/21/2019	buy	116	19.86	Miboo	Wilfred Dorward
472	GOOGL	11/30/2013	sell	445	350.08	Twitterworks	Say Lisciandro
473	GOOGL	10/7/2015	buy	543	605.95	Zazio	Derwin Sherlaw
474	AMZN	8/17/2019	sell	689	535.2	Innojam	Kristan Sleeford
475	AMZN	4/9/2015	sell	17	797.01	Meejo	Drucill Godspeede
476	AMZN	5/1/2022	sell	989	973.95	Meembee	Jacquette Bakster
477	AAPL	5/13/2021	buy	128	844.88	Voolith	Konstantine Hellyer
478	AMZN	7/17/2017	sell	511	769.61	Zoombeat	Franky Falkus
479	AMZN	9/8/2010	buy	595	222.71	Mydo	Hermy Lindl
480	AMZN	2/16/2010	buy	527	65.34	Gabtype	Wendi Coldman
481	AAPL	10/17/2022	sell	798	296.74	Buzzbean	Hymie Stenet
482	AMZN	3/13/2015	sell	556	188.44	Kwideo	Lauralee Surmeir
483	AAPL	8/29/2012	buy	258	357.14	Zoovu	Evin Dyter
484	GOOGL	3/9/2016	sell	295	699.84	Oozz	Basia Kingsmill
485	AMZN	7/28/2019	buy	952	495.04	Feednation	Ivette Anstee
486	AAPL	3/12/2018	buy	738	65.71	Tanoodle	Emlynne McDougall
487	GOOGL	5/31/2012	sell	792	493.54	Jaxspan	Lauralee Henbury
488	AMZN	2/22/2018	sell	837	575.62	Bubblemix	Ellen Gann
489	AAPL	5/23/2015	sell	230	650.23	Skippad	Tobias Fibben
490	AAPL	10/30/2010	buy	955	715.08	Voonyx	Lyle Stansell
491	AMZN	4/16/2011	buy	519	911.31	Yodoo	Blayne Mussettini
492	AAPL	7/28/2013	sell	445	629.5	Babbleopia	Cullin Pursehouse
493	AMZN	9/16/2014	sell	689	190.35	Blogtags	Jackquelin McCullouch
494	AAPL	4/5/2016	sell	322	299.46	Babbleblab	Rowland Danniel
495	GOOGL	3/29/2019	buy	407	842.76	Devpulse	Augy Dhillon
496	GOOGL	7/3/2013	sell	859	396.22	Mudo	Chancey Barrim
497	AMZN	1/17/2013	sell	811	457.97	Aibox	Joann Bleesing
498	AAPL	8/10/2020	sell	609	453.73	Zooveo	Clarice Trollope
499	AAPL	3/8/2020	sell	613	900.64	Yodel	Evelina Grimsdyke
500	GOOGL	4/29/2020	sell	544	9.24	Riffpedia	Hilliary Fransoni
501	AAPL	2/10/2020	buy	709	892.14	Voomm	Else Drinkwater
502	GOOGL	5/24/2021	sell	846	325.15	Roomm	Salome Alliston
503	AMZN	10/12/2022	buy	241	220.96	Youbridge	Sonia Lannon
504	AAPL	9/14/2016	buy	150	874.4	Zoomcast	Gilly Hacon
505	GOOGL	3/30/2022	sell	7	707.2	Jaxnation	Yance Elgar
506	AMZN	7/25/2016	buy	877	401.04	Cogidoo	Carol Sargood
507	GOOGL	11/30/2011	buy	825	837.25	Wordpedia	Amby Macias
508	GOOGL	3/16/2022	sell	590	76.52	Brainverse	Ancell Jindra
509	AMZN	9/30/2011	sell	837	317.48	Trunyx	Arnaldo Niblo
510	AAPL	7/26/2013	sell	906	503.41	Vinte	Mayer Killingworth
511	AMZN	6/3/2013	sell	766	174.69	Youspan	Vally Folker
512	AAPL	9/9/2018	sell	236	15.19	Tagcat	Kayne Crone
513	GOOGL	1/16/2016	buy	330	203.89	Eare	Dawn Calliss
514	AAPL	4/12/2016	sell	331	71.91	Flipbug	Marlena Purcell
515	GOOGL	7/21/2022	sell	65	121.02	Eire	Oralla Masdon
516	GOOGL	4/5/2018	sell	680	546.31	Topicblab	Jacenta Bursell
517	AAPL	3/7/2016	sell	347	490.93	Devshare	Bale Burg
518	AAPL	1/4/2022	sell	504	296.11	InnoZ	Tierney Digman
519	AAPL	2/6/2010	buy	548	469.09	Photobug	Lewes MacArdle
520	GOOGL	1/28/2021	sell	413	307.68	Centimia	Christy Linklater
521	AMZN	12/7/2016	buy	566	985.11	Quatz	Smitty Worwood
522	AAPL	2/1/2020	buy	156	767.95	Fadeo	Raul Mahody
523	GOOGL	11/14/2021	buy	834	32.95	Vimbo	Letta Pendergrast
524	AMZN	1/19/2012	sell	777	199.4	Fivechat	Nye Keelin
525	AAPL	6/20/2010	buy	962	224.19	Babbleset	Nichol Lunney
526	AAPL	1/23/2020	sell	17	687.59	Buzzshare	Mariska Butts
527	AAPL	2/21/2014	buy	333	87.51	Camido	Jessey Langman
528	GOOGL	4/12/2018	sell	445	170.21	Omba	Ivette Stare
529	AMZN	5/5/2017	sell	461	9.56	Quamba	Hadrian Howsam
530	AMZN	6/11/2011	buy	880	998.19	Edgeblab	Winnah Landor
531	AMZN	4/28/2021	sell	633	190.23	Jabberbean	Jennine Wedderburn
532	GOOGL	2/17/2011	buy	965	990.73	Yakijo	Mikkel Sibbert
533	AMZN	7/14/2012	sell	138	184.75	Oyoyo	Sybil Wadelin
534	GOOGL	3/28/2021	buy	293	595.35	Trunyx	Janaya Paulley
535	GOOGL	5/23/2022	sell	153	470.65	Npath	Porter Goaley
536	AAPL	3/13/2017	buy	816	669.77	Yata	Saleem Abbatt
537	AAPL	5/25/2012	sell	698	410.6	Dabshots	Minetta Hafford
538	AAPL	5/15/2020	buy	4	855.03	Kazu	Leanora Horsburgh
539	GOOGL	9/17/2012	buy	329	311.75	Kazio	Clevey Hullyer
540	AMZN	10/15/2012	sell	735	870.79	Myworks	Laureen Lavery
541	AMZN	9/18/2011	buy	558	904.85	Jetwire	Sherye Jopling
542	AMZN	9/9/2022	sell	536	335.99	Gabcube	Modesta Kobpa
543	AAPL	11/13/2014	sell	640	60.25	Photojam	Othello Broinlich
544	GOOGL	2/6/2021	sell	563	666.34	Twitterbeat	Mehetabel Skures
545	AAPL	7/28/2020	buy	289	650.81	Edgeblab	Vicky Cornils
546	AAPL	9/28/2019	buy	942	786.75	Yambee	Bellina Paddemore
547	AMZN	12/11/2021	sell	204	252.35	Livetube	Caroline Dickman
548	GOOGL	10/6/2015	sell	453	435.06	Realfire	Tiffy Jandel
549	AAPL	5/6/2010	sell	536	584.7	Izio	Constantia Skippen
550	AAPL	10/8/2012	sell	121	123.5	Eadel	Eugene Paulig
551	GOOGL	1/21/2017	sell	854	273.36	Twimbo	Arvie Tenbrug
552	AMZN	4/11/2016	sell	613	831.83	Jazzy	Candie Willimont
553	AAPL	11/11/2022	sell	950	784.41	Rhyzio	Ivette De Zamudio
554	AAPL	4/23/2012	buy	962	636.89	Feednation	Jacklin Sworder
555	AAPL	1/11/2015	sell	731	362.96	Zoomlounge	Cyndi Birkhead
556	AMZN	10/27/2011	sell	166	703.36	Dazzlesphere	Ferdinande Miles
557	AAPL	8/30/2019	sell	321	996.42	Babbleset	Susannah Pendred
558	AMZN	12/27/2016	buy	711	102.53	Rhyzio	Ailey Crampsy
559	AMZN	5/26/2011	sell	938	33.38	Quinu	Mortie Pendle
560	AAPL	11/21/2012	buy	688	371.06	Skinte	Harlen Drohane
561	AMZN	4/30/2011	sell	77	352.11	Jamia	Rahel Ochiltree
562	AMZN	5/24/2016	sell	713	141.85	Skinix	Kienan Ibberson
563	AMZN	6/16/2012	sell	808	783.07	Topicware	Itch Manby
564	GOOGL	12/29/2019	sell	645	455.43	Eimbee	Arabela Coop
565	AMZN	4/27/2021	buy	202	483.86	Quaxo	Sheffy Anyene
566	AAPL	3/26/2013	buy	837	851.47	Trilith	Erek Blunt
567	AAPL	7/17/2020	sell	49	32.95	Browsetype	Morgana Ryal
568	GOOGL	12/10/2011	sell	117	803.0	Photospace	Quinn Spurett
569	GOOGL	4/10/2011	sell	266	171.54	Blogpad	Norby Lilleycrop
570	AAPL	12/26/2016	sell	74	854.23	Realmix	Herta Sudddard
571	GOOGL	8/2/2013	buy	123	616.64	Rhycero	Georgeta Niess
572	AMZN	4/4/2018	sell	868	115.13	Gigabox	Amabel Darkott
573	AAPL	2/20/2016	buy	877	869.91	Teklist	Deena Stitson
574	AMZN	2/16/2013	buy	662	284.48	Skippad	Rosabel Petters
575	AMZN	8/23/2015	sell	14	170.41	Jayo	Julius Monier
576	AAPL	11/29/2018	sell	345	6.34	Dynazzy	Tildy Bain
577	AMZN	6/8/2011	sell	390	552.46	Topicshots	Pietra Dahlborg
578	GOOGL	2/14/2014	sell	507	764.51	Mymm	Euphemia Blanque
579	AAPL	11/15/2014	sell	639	92.35	Livetube	Kerstin Aird
580	AAPL	5/3/2022	buy	243	292.89	Eayo	Joellen Christofle
581	GOOGL	4/11/2013	buy	472	847.77	Meejo	Farrah Holt
582	AAPL	6/4/2015	sell	839	247.82	Tagtune	Ellene Goodge
583	AAPL	12/7/2013	buy	799	647.01	Feedfish	Athena Caselli
584	AMZN	10/1/2015	buy	582	923.86	Leexo	Nobie Kniveton
585	AAPL	1/12/2016	sell	219	642.6	Eimbee	Gustave Nuss
586	GOOGL	12/31/2018	buy	805	420.56	Livetube	Pooh Parlet
587	AMZN	12/26/2016	sell	43	784.28	Browsedrive	Faydra Drakes
588	GOOGL	3/25/2020	sell	364	823.33	Rhybox	Heda Skillanders
589	AAPL	11/22/2021	buy	272	383.43	Brightdog	Liuka Shenfisch
590	AMZN	10/27/2019	buy	301	820.06	Trudeo	Alonzo Platfoot
591	AAPL	12/28/2010	buy	148	942.18	Ntags	Dominic Fairrie
592	GOOGL	6/18/2014	buy	562	588.6	Twitterbeat	Dione Sarten
593	AAPL	1/2/2010	sell	685	663.99	Meembee	Coriss Tofts
594	AMZN	12/30/2012	sell	686	694.06	Rhyloo	Merilee Neame
595	AMZN	10/15/2013	sell	522	455.79	Skipstorm	Glennis Jenner
596	GOOGL	4/1/2014	sell	924	478.46	Buzzshare	Ardyce Lyttle
597	AAPL	10/19/2014	buy	790	224.31	Gabcube	Sarajane Josefsohn
598	GOOGL	3/13/2010	buy	775	986.93	Avamm	Reggis Medlen
599	AAPL	3/14/2019	sell	193	738.25	Linkbuzz	Roi Lemonby
600	GOOGL	11/25/2020	sell	660	736.21	Meezzy	Etan Andrejs
601	AMZN	4/10/2015	sell	685	67.04	Wikivu	Ive Rumble
602	GOOGL	1/9/2022	sell	302	14.65	Yadel	Craggie Sauven
603	AAPL	7/15/2015	buy	609	735.46	Abata	Lorin Gardiner
604	GOOGL	10/9/2016	buy	189	331.12	Voonte	Brandyn Bolzen
605	GOOGL	7/25/2013	sell	160	191.91	Trilith	Bunni Bramelt
606	AAPL	3/27/2013	buy	457	756.14	Flipbug	Cahra Dailey
607	AMZN	4/13/2017	buy	373	307.76	Twiyo	Mignon Kilkenny
608	GOOGL	5/18/2014	buy	796	314.67	Twitterworks	Moll Izzard
609	GOOGL	4/2/2018	buy	953	997.84	Topicblab	Lorilee Melrose
610	AAPL	10/4/2022	sell	195	579.39	Yacero	Matilda Wittke
611	AAPL	9/4/2014	buy	988	975.83	Tekfly	Dorie Schuelcke
612	AAPL	6/19/2018	buy	951	358.06	Jabberstorm	Amerigo Gaukroger
613	AMZN	11/10/2022	sell	531	197.66	Kwinu	Irina Ugolini
614	AMZN	3/21/2018	buy	983	553.74	Snaptags	Kipp Szanto
615	GOOGL	7/20/2011	buy	406	608.67	Cogilith	Mathilda Tuck
616	AMZN	2/16/2018	sell	703	296.01	Eazzy	Odette Gallahar
617	GOOGL	1/13/2022	buy	412	453.98	BlogXS	Linette Ramelet
618	AMZN	11/19/2017	sell	479	317.84	Yata	Luigi Daniau
619	AAPL	10/29/2022	sell	744	710.29	Zoonoodle	Hakeem Bernardeschi
620	AAPL	7/16/2012	sell	620	148.78	Skipstorm	Roy Hamberstone
621	AMZN	12/5/2016	sell	502	640.28	Gevee	Svend Dando
622	AAPL	8/3/2013	sell	321	14.74	Realpoint	Carver St. Quentin
623	AMZN	1/15/2012	sell	173	959.28	Thoughtbridge	Debora Chucks
624	AAPL	8/8/2022	sell	102	501.85	Gabtune	Thelma Setchell
625	AAPL	2/27/2016	sell	64	225.45	Edgeblab	Fenelia Riehm
626	GOOGL	11/6/2013	buy	443	255.96	Plambee	Erin Godwyn
627	AMZN	1/7/2010	buy	985	544.97	Quamba	Leanor Klaesson
628	AAPL	7/28/2021	sell	894	606.25	Vinte	Lucas Bartomeu
629	GOOGL	5/16/2015	buy	68	462.03	Fivebridge	Naoma Ovize
630	AMZN	12/20/2020	buy	450	281.89	Aibox	Mar Klulicek
631	AAPL	6/21/2019	sell	417	996.45	Snaptags	Ezmeralda Erickssen
632	GOOGL	7/31/2022	sell	946	57.3	Mita	Purcell Gabala
633	AAPL	4/11/2022	sell	256	941.38	Quinu	Brynna Gooderick
634	AMZN	9/10/2014	buy	218	940.19	Twimbo	Goldina Acott
635	GOOGL	2/10/2018	buy	883	614.0	Youopia	Eldin Cammomile
636	AAPL	10/24/2022	buy	493	928.68	Blogpad	Augustine Lealle
637	AMZN	1/22/2014	sell	113	19.01	Skiba	Bridie Ledgerton
638	AAPL	1/27/2021	sell	24	450.36	Trupe	Andreas Mandre
639	AMZN	4/2/2013	sell	854	981.48	Demimbu	Odette Tomaszewicz
640	AMZN	5/17/2017	buy	211	15.41	DabZ	Glenine Hankey
641	AAPL	3/25/2018	buy	989	54.57	Katz	Nata Vanyashin
642	GOOGL	1/17/2016	sell	874	178.95	Yambee	Evangelia Quinn
643	AMZN	6/6/2012	buy	171	206.78	Flipstorm	Nert Macci
644	AAPL	4/29/2012	sell	292	495.25	Meevee	Briny Roz
645	AMZN	3/8/2015	sell	621	281.78	Yotz	Marcelline Idell
646	GOOGL	8/9/2015	sell	913	385.82	Riffwire	Alfi Millhouse
647	AAPL	2/28/2013	buy	872	951.25	Dabfeed	Addie Grist
648	AMZN	5/28/2020	buy	470	983.64	Skajo	Mar Aberkirder
649	GOOGL	12/25/2015	sell	341	883.27	Yambee	Bobby O'Doogan
650	GOOGL	7/29/2018	buy	281	527.02	Rhynyx	Guido Braxay
651	AAPL	12/14/2016	buy	435	407.12	Aivee	Ronny Nassy
652	AMZN	6/17/2013	buy	582	375.19	Jaxnation	Pat Cantopher
653	AMZN	12/19/2013	sell	134	465.53	Avavee	Ryan MacCaughen
654	GOOGL	7/25/2014	buy	841	911.54	Thoughtsphere	Joachim Pettengell
655	AMZN	12/20/2018	buy	515	934.32	Tagopia	Addia Jaffra
656	AAPL	5/22/2019	buy	574	410.12	Jabberstorm	Sheppard Sreenan
657	GOOGL	4/29/2011	sell	592	261.92	Oodoo	Baxy Becken
658	AAPL	8/17/2014	buy	227	843.97	Voomm	Teriann Gamblin
659	AMZN	6/5/2017	buy	506	289.34	Voomm	Vidovik Cornehl
660	GOOGL	5/25/2010	sell	734	464.98	Blogpad	Myrwyn Youtead
661	AAPL	8/28/2019	buy	771	865.91	Livepath	Gay Shea
662	AMZN	3/16/2019	sell	407	879.48	Oloo	Kacy Flawn
663	GOOGL	6/29/2017	sell	612	136.94	Talane	Florette Kitchinham
664	GOOGL	9/20/2010	sell	481	47.9	Miboo	Titos Haville
665	AAPL	3/20/2015	buy	999	514.88	Voomm	Danila Hallowes
666	AMZN	11/3/2010	sell	148	735.72	Flipstorm	Shannan Doncom
667	AAPL	10/19/2011	buy	887	241.77	Centizu	Lauren Hockell
668	AAPL	8/16/2016	buy	492	608.44	Oyonder	Lynn Capaldo
669	AAPL	4/13/2015	buy	567	655.22	Gabtype	Abran Pitrelli
670	AAPL	1/26/2019	sell	752	342.29	Buzzbean	Reider Taphouse
671	AMZN	7/14/2019	sell	620	922.41	Rhynyx	Neely Bettlestone
672	AAPL	7/30/2016	sell	125	15.8	Voonder	Tamar Chillingsworth
673	AAPL	8/23/2012	sell	761	97.02	Yodel	Bryna Bartunek
674	AMZN	8/22/2022	sell	559	883.92	Bluejam	Ashil Goadbie
675	GOOGL	9/25/2017	buy	776	562.29	Devpulse	Inga Loxston
676	AMZN	10/26/2012	buy	992	638.19	Realcube	Yvonne Eagar
677	GOOGL	3/31/2011	buy	213	428.66	Livefish	Hazel Boissier
678	AMZN	9/14/2017	buy	910	179.63	Tanoodle	Julia Hyder
679	AAPL	6/5/2010	sell	640	822.97	Trupe	Claudetta Jodkowski
680	AMZN	4/26/2021	buy	700	83.24	Youopia	Diana Adamski
681	AAPL	5/23/2021	sell	856	362.31	Gabspot	Ray Lafflina
682	AAPL	8/19/2014	buy	281	742.13	Blogtag	Freddi Kinge
683	AMZN	8/17/2020	sell	233	790.25	Rhyzio	Austina Aggott
684	AMZN	7/24/2012	buy	905	54.18	Edgeclub	Shayne Caston
685	GOOGL	7/28/2012	buy	117	65.01	Skimia	Valentine Penk
686	AMZN	1/18/2014	buy	173	761.77	Divanoodle	Archibald Lenahan
687	GOOGL	3/4/2020	sell	573	301.68	Vinder	Nowell Boddis
688	GOOGL	1/13/2018	buy	424	750.77	Jaxbean	Melisandra Jennions
689	AMZN	11/3/2021	sell	978	455.32	Shufflester	Zebedee Jonk
690	GOOGL	5/4/2015	sell	880	620.16	Flashpoint	Marita Trusse
691	GOOGL	10/2/2016	buy	683	732.52	Fiveclub	Aleksandr Jennings
692	AMZN	3/25/2017	sell	139	630.4	Zooveo	Shelli Gilardi
693	AMZN	3/31/2018	buy	511	232.42	Shuffletag	Gaile Josovich
694	AAPL	9/4/2013	sell	186	218.23	Skiptube	Ferdy Mather
695	GOOGL	7/16/2010	sell	782	765.57	Mydeo	Jeanette Lightwing
696	AAPL	11/8/2019	buy	678	702.74	Kamba	Parke Quincey
697	AAPL	8/19/2016	buy	552	181.14	Viva	Sigrid Stearnes
698	AMZN	7/13/2021	sell	337	604.51	Feedmix	Jane Cadding
699	AMZN	1/2/2010	sell	276	258.5	Blogtags	Brion Hamblen
700	GOOGL	5/31/2018	buy	808	244.24	Wordpedia	Amity Vitler
701	AMZN	8/10/2010	sell	701	606.0	Quire	Annabella Swinnard
702	AAPL	12/16/2016	sell	667	426.26	Youopia	Florina Abramowsky
703	AAPL	6/30/2010	buy	124	843.85	Tazz	Jackelyn Tait
704	AAPL	3/27/2014	buy	832	625.37	Photobean	Carolus Ebourne
705	AMZN	6/15/2011	sell	738	488.99	Quaxo	Valentina Douthwaite
706	AMZN	1/27/2012	sell	271	593.71	Photobug	Stephi Birks
707	AAPL	5/19/2017	buy	820	491.0	Viva	Eleanora Scampion
708	AMZN	2/18/2021	buy	627	486.51	Realcube	Fancie Bullen
709	AMZN	2/7/2012	sell	794	629.53	Vipe	Maridel Galfour
710	AMZN	8/15/2012	sell	650	803.18	Photofeed	Kellen Frith
711	AMZN	12/6/2011	sell	911	627.45	Kanoodle	Say Upson
712	AMZN	3/20/2022	buy	234	744.61	Jatri	Windham Veighey
713	GOOGL	3/4/2013	buy	901	296.19	Rhynoodle	Khalil Beatson
714	GOOGL	7/2/2018	sell	137	185.18	Ainyx	Tymon Roscamp
715	GOOGL	5/20/2018	buy	42	926.73	Thoughtworks	Mord Demanche
716	AAPL	1/15/2019	buy	642	783.98	Twitternation	Monique Maulin
717	GOOGL	12/24/2020	buy	542	267.77	Demizz	Harlin Blunn
718	GOOGL	10/27/2018	buy	842	529.59	Topdrive	Phillipe Stollberger
719	GOOGL	8/23/2022	sell	138	45.91	Zoombox	Doy Skures
720	AMZN	3/17/2010	buy	155	531.99	Divape	Dori Alesin
721	AMZN	6/29/2011	sell	658	251.93	Eare	Holly Classen
722	AMZN	12/8/2011	buy	360	841.8	Mydo	Clotilda Deble
723	AMZN	7/1/2011	sell	20	989.41	Flashspan	Paddie Grzegorczyk
724	AAPL	10/10/2019	buy	448	923.47	Blogtag	Dannel Antonopoulos
725	AMZN	5/23/2011	buy	4	996.13	Izio	Lida Restieaux
726	AMZN	1/16/2010	buy	652	97.39	Shuffletag	Fletch Toler
727	GOOGL	12/5/2016	sell	341	995.77	Skalith	Daffi Goodbarr
728	GOOGL	5/3/2018	sell	898	449.44	Thoughtstorm	Gizela Bubeer
729	GOOGL	3/3/2020	sell	832	122.83	Yacero	Johann Piggins
730	AAPL	3/8/2022	sell	332	428.95	Quimm	Agnesse Coils
731	AMZN	5/15/2019	sell	766	603.32	Twinte	Lesley Cratchley
732	AAPL	7/28/2012	sell	954	768.84	Layo	Reece Stratten
733	AAPL	11/20/2018	sell	972	358.54	Mycat	Katine Whitlow
734	AMZN	1/23/2017	buy	11	685.39	Wordtune	Granville Le Grand
735	AAPL	4/17/2019	buy	663	651.5	Eazzy	Todd Gwyther
736	GOOGL	6/9/2011	sell	786	214.5	Tagtune	Jule Skippon
737	GOOGL	11/1/2015	buy	494	560.45	Livetube	Sadella Southorn
738	GOOGL	7/28/2018	buy	641	746.29	Babbleset	Giana Wilmot
739	AAPL	6/17/2021	sell	982	570.18	Mydeo	Guinevere Padgham
740	AAPL	6/15/2020	sell	832	254.02	Gigashots	Stanton Emslie
741	AMZN	10/5/2022	buy	292	821.16	Gabcube	Candis Anmore
742	GOOGL	11/2/2020	sell	387	248.18	Yadel	Christoffer Pindred
743	AMZN	8/4/2022	sell	16	81.63	Realcube	Nonnah Jemison
744	AMZN	2/4/2015	sell	111	109.2	Muxo	Cecile Bretton
745	AAPL	12/1/2022	sell	332	465.73	Chatterpoint	Franciska Cadwaladr
746	GOOGL	7/4/2021	sell	270	495.61	Voonder	Cristen Pace
747	GOOGL	5/9/2021	sell	642	236.3	Aibox	Niels Bolino
748	AMZN	11/4/2016	sell	275	229.24	Kwimbee	Yorke Heather
749	AAPL	9/15/2020	sell	519	88.69	Yakidoo	Mandi Sperwell
750	AAPL	11/9/2017	buy	165	907.17	Pixoboo	Willy Rablin
751	AMZN	1/28/2015	buy	11	497.21	Tagcat	Zorah Covolini
752	GOOGL	9/5/2020	sell	128	778.45	Jaxnation	Cherry Beevis
753	AAPL	4/3/2016	buy	912	673.01	Wikizz	Elston Gresley
754	AMZN	4/10/2021	buy	44	62.36	Meejo	Abner Ferran
755	AMZN	4/29/2019	sell	44	87.11	Tazz	Appolonia Sember
756	GOOGL	5/14/2016	buy	766	605.03	Photobug	Cynthie Bronot
757	AMZN	6/19/2011	buy	457	498.46	Skimia	Rasla Buffy
758	AAPL	7/3/2020	sell	30	696.11	Devbug	Flory Affuso
759	AMZN	2/25/2017	buy	576	447.9	Meevee	Laurene Petracek
760	AMZN	5/20/2011	sell	241	333.78	Devshare	Carmella Kinchington
761	AAPL	1/30/2015	sell	329	186.85	Devpulse	Ted Mizzen
762	AMZN	6/14/2012	sell	812	815.56	Brightdog	Bastien Corkhill
763	GOOGL	5/6/2011	buy	120	395.93	Aimbo	Jamey Summerlad
764	AMZN	7/14/2021	sell	366	249.63	Wikido	Tiffanie Rouke
765	GOOGL	5/1/2013	buy	888	564.79	Skajo	Gail Harrell
766	GOOGL	7/1/2019	sell	932	842.84	Jaxnation	Marcelo Blouet
767	GOOGL	8/24/2017	buy	515	181.99	Bubblebox	Nikita Mumford
768	GOOGL	8/18/2021	sell	995	16.27	Linkbridge	Naomi Mulhall
769	AMZN	12/31/2019	sell	174	49.18	Yakitri	Briny Gianneschi
770	GOOGL	6/22/2019	buy	591	534.94	Quire	Stephi Bang
771	AMZN	1/25/2015	buy	723	80.91	Meejo	Robinetta Yann
772	AAPL	3/1/2019	sell	562	85.41	Meeveo	Horst Dalyiel
773	GOOGL	2/12/2017	buy	829	560.25	Skivee	Antonella Amy
774	GOOGL	8/20/2014	buy	668	46.49	Oyoloo	Georgia Aiston
775	GOOGL	4/24/2019	buy	983	765.28	Linklinks	Wald Flancinbaum
776	AMZN	4/29/2014	buy	698	710.63	Mydo	Darn Ert
777	AAPL	12/8/2016	buy	595	470.01	Shufflester	Viva Coggins
778	AAPL	10/19/2018	sell	181	718.51	Twinte	Even Millsom
779	AAPL	7/23/2020	buy	905	836.64	Pixope	Cindi Felmingham
780	AAPL	11/17/2014	sell	358	978.16	Mynte	Noby Lanchbery
781	AMZN	11/19/2014	sell	363	347.53	Tagtune	Tadeas Blackmuir
782	AAPL	2/5/2014	buy	20	838.9	Bluezoom	Raina Litton
783	GOOGL	12/31/2019	buy	31	274.67	Chatterbridge	Lita Jorge
784	AAPL	7/28/2013	buy	13	428.38	Youopia	Bink Storks
785	GOOGL	7/22/2019	sell	500	424.42	Realbridge	Briggs Muggleton
786	AAPL	9/17/2017	sell	769	887.72	Devify	Pattie Corkett
787	AAPL	7/27/2022	buy	170	187.32	Gigaclub	Emlen Palley
788	AMZN	8/14/2013	sell	240	680.74	Babblestorm	Dolores Raith
789	AAPL	5/25/2010	sell	476	982.58	Oodoo	Hill Devas
790	AMZN	2/3/2013	sell	414	184.99	Fivebridge	Alf McGow
791	AMZN	3/3/2010	buy	672	523.12	Aimbu	Sephira Salliere
792	AAPL	6/20/2016	sell	984	315.5	Meetz	Roger Praill
793	AMZN	9/2/2013	buy	311	68.08	Wordware	Dan Demonge
794	AMZN	4/30/2021	buy	925	791.3	Twitterbeat	Noland Bruce
795	AAPL	10/17/2022	buy	81	735.59	Rhybox	Zondra Rushbrook
796	AMZN	5/18/2014	buy	49	298.45	Flashspan	Lotty Mellanby
797	AMZN	9/18/2017	buy	879	680.76	Einti	Irina Archdeckne
798	AAPL	8/4/2014	sell	413	95.93	Wikido	Ulick Lage
799	AMZN	5/29/2017	buy	721	871.31	Jaxnation	Sebastian Sheffield
800	AMZN	9/12/2021	sell	768	466.0	Skinte	Constantin Crewther
801	AAPL	11/21/2013	sell	121	280.48	Dabfeed	Brendin Donnison
802	AMZN	5/20/2019	sell	591	428.13	Zoozzy	Rivkah Huske
803	AAPL	8/19/2018	buy	460	927.4	Oyoyo	Odella Raitie
804	AMZN	11/14/2020	buy	709	958.52	Zoonder	Abel Pettecrew
805	AMZN	1/21/2021	buy	172	54.72	Roodel	Coretta Eck
806	GOOGL	4/9/2015	buy	652	744.61	Skinder	Dom Dumbare
807	AAPL	10/10/2011	sell	434	999.36	Jamia	Brianna Ellerington
808	AAPL	10/11/2015	sell	803	41.17	Jaxworks	Wright Gillingwater
809	AAPL	11/12/2016	sell	946	79.96	Photobug	Jabez Wilcher
810	AAPL	12/29/2018	sell	652	569.17	Skyble	Muffin Bezants
811	AAPL	11/18/2020	sell	806	341.01	Bubbletube	Darrelle McKoy
812	AAPL	1/21/2012	sell	695	190.39	Skaboo	Mathe MacFall
813	GOOGL	10/25/2016	sell	248	841.91	Oyope	Hannie Charlwood
814	AMZN	11/6/2014	sell	594	417.0	Fatz	Barry Hopkyns
815	AAPL	12/23/2012	buy	497	799.3	Vinte	Gaye Giamuzzo
816	AMZN	7/2/2016	sell	935	328.11	Topdrive	Nalani Lambin
817	AAPL	10/9/2015	buy	452	269.35	Photobug	Nichole Wreiford
818	AMZN	4/29/2012	buy	888	632.84	Realmix	Jill Tennick
819	GOOGL	11/22/2022	buy	785	807.38	BlogXS	Halley McSherry
820	AMZN	2/23/2010	sell	222	826.17	Minyx	Taylor Corroyer
821	GOOGL	2/10/2019	buy	933	747.79	Ainyx	Lindsay Beinke
822	AAPL	10/14/2012	sell	558	230.0	Latz	Artemas Gorch
823	AMZN	1/22/2019	buy	321	339.25	Jabbersphere	Zach Cullotey
824	AAPL	3/26/2012	sell	350	425.27	Agivu	Nanine Corr
825	GOOGL	10/7/2014	sell	362	778.38	Devpoint	Dawna Rowlett
826	AMZN	11/14/2020	buy	609	284.67	Meedoo	Demetris Sorby
827	GOOGL	3/11/2017	sell	118	822.98	Mudo	Hasheem Apfler
828	AAPL	12/19/2019	buy	560	772.56	Brightdog	Serene Bichard
829	AMZN	12/20/2017	sell	112	49.33	Fliptune	Allard Halleday
830	AMZN	12/4/2018	sell	723	386.33	Nlounge	Fanechka Arboin
831	GOOGL	12/31/2014	sell	45	832.52	Gabtype	Lillis Mityushin
832	AAPL	5/12/2016	buy	658	102.95	Yacero	Jean Ridout
833	GOOGL	5/29/2016	sell	851	143.24	Dabjam	Gertie Roblett
834	AAPL	5/1/2017	sell	129	4.02	LiveZ	Wolfgang McKeating
835	AAPL	2/22/2014	buy	311	523.33	Flipstorm	Corbet Wrettum
836	GOOGL	8/1/2020	sell	908	644.17	Linkbuzz	Mirella Belverstone
837	AAPL	3/6/2017	sell	14	0.98	Wikido	Ewart Allabush
838	AAPL	2/2/2016	sell	372	100.97	Teklist	Astrid Gringley
839	AMZN	10/5/2020	sell	239	968.04	Demimbu	Spense Karpenko
840	AAPL	7/23/2010	sell	224	252.01	Kwilith	Merill Hold
841	AMZN	11/19/2020	buy	957	933.5	InnoZ	Northrop Benedit
842	GOOGL	2/22/2015	buy	991	6.09	Trudoo	Isa Ben
843	GOOGL	10/30/2020	sell	386	670.41	Kazio	Birgitta Vasenin
844	AAPL	10/12/2016	sell	589	738.31	Yodel	Mada Biskup
845	GOOGL	1/26/2021	sell	114	468.88	Blognation	Pietro Eloy
846	AMZN	2/18/2010	buy	76	812.15	Voomm	Miranda Secrett
847	AAPL	11/20/2022	buy	188	88.99	Jabbersphere	Trixie Thomazet
848	AMZN	10/20/2015	sell	736	969.9	Yamia	Casey Khrishtafovich
849	AMZN	12/18/2015	sell	239	782.59	Voolia	Eugenio Siviter
850	AAPL	10/21/2022	buy	727	53.54	Avavee	Vicky Verney
851	GOOGL	11/30/2022	sell	135	391.0	Tagpad	Giacomo Gladwin
852	AAPL	1/7/2013	buy	708	790.75	Roombo	Emmalynn Instock
853	GOOGL	2/19/2016	sell	358	101.49	Nlounge	Danya Nisby
854	GOOGL	11/19/2011	sell	701	756.81	Meeveo	Leighton O'Donohue
855	AMZN	1/7/2014	sell	461	187.23	Leenti	Luella Petigrew
856	AAPL	10/18/2013	sell	494	868.69	Fivespan	Chanda Drohan
857	AMZN	2/20/2012	buy	400	918.76	Gabtune	Avigdor Springall
858	AAPL	12/17/2017	buy	328	725.46	Nlounge	Tris Pexton
859	AAPL	2/1/2010	sell	367	476.96	Npath	Gabie Dreakin
860	GOOGL	11/17/2022	buy	371	693.24	Innotype	Tait Igoe
861	GOOGL	3/10/2011	sell	524	519.67	Dabvine	Abra Cluett
862	AMZN	11/25/2014	buy	792	29.43	Dabjam	Gertrude Lothean
863	AAPL	12/25/2020	sell	430	58.35	Kwimbee	Abdul Livard
864	GOOGL	3/8/2010	sell	898	606.07	Jaxbean	Hugibert Lovie
865	GOOGL	3/26/2022	buy	990	146.93	Yakijo	Jeannine Aisthorpe
866	AAPL	7/23/2015	sell	483	967.62	Dabjam	Gil Skipsea
867	AAPL	1/6/2020	buy	112	670.71	Quamba	Derril Shildrake
868	GOOGL	3/2/2020	buy	985	233.86	Mybuzz	Othelia Blazek
869	AMZN	3/18/2016	buy	518	22.18	Meevee	Matt Incogna
870	AAPL	11/10/2015	buy	708	348.03	Skiptube	Fanni Bengtson
871	AMZN	3/27/2021	sell	663	155.39	Demizz	Monroe Grigorio
872	AAPL	6/6/2017	sell	884	440.45	Teklist	Jo-anne Mainwaring
873	AMZN	9/10/2017	sell	419	875.27	Ooba	Hurlee Pleasants
874	AMZN	12/8/2014	buy	392	577.36	Mudo	Welby Jolly
875	AMZN	4/5/2017	buy	696	100.85	Oyondu	Vachel Purchon
876	AAPL	12/6/2020	sell	798	754.7	Wordify	Andra Pickford
877	AMZN	5/18/2012	sell	609	251.04	Babblestorm	Brose Machans
878	GOOGL	3/29/2012	buy	944	782.01	Skajo	Orlan Cracker
879	AAPL	8/19/2015	buy	431	113.46	Divavu	Vale Wroe
880	GOOGL	7/1/2014	sell	575	312.51	Geba	Jed Hilbourne
881	AMZN	11/23/2016	sell	776	705.56	Flashspan	Corine Davy
882	GOOGL	1/25/2020	buy	6	394.2	Rooxo	Ariana Eaddy
883	AAPL	1/19/2015	sell	637	306.18	Edgeblab	Catherina O'Howbane
884	GOOGL	6/15/2017	buy	749	735.25	Youbridge	Dominga Card
885	AAPL	10/17/2020	sell	816	112.86	Izio	Ola Astlett
886	AAPL	8/18/2022	buy	937	280.28	Yakijo	Harlene Fleming
887	AMZN	12/6/2019	sell	374	254.0	Zoovu	Biron Bellelli
888	GOOGL	9/7/2017	sell	878	319.56	Feedmix	Guss Gendrich
889	AAPL	9/18/2019	sell	136	288.74	Thoughtmix	Briggs McCambridge
890	AMZN	3/9/2015	sell	142	50.98	Ozu	Philipa Darlasson
891	GOOGL	11/1/2018	buy	299	406.78	Skinix	Sebastien Nary
892	AAPL	3/2/2017	sell	115	764.42	Babblestorm	Faina Bransby
893	GOOGL	7/31/2012	sell	340	548.97	Flipopia	Anestassia Geere
894	GOOGL	1/18/2019	sell	780	113.78	Thoughtsphere	Owen Ginnally
895	AAPL	3/4/2011	sell	976	438.05	Meembee	Artie Klausewitz
896	AAPL	4/23/2012	buy	741	878.67	Aibox	Eleanore McGlashan
897	AMZN	4/8/2018	buy	156	324.74	Thoughtmix	Cristionna Monkley
898	AAPL	6/18/2019	sell	542	767.23	Divavu	Annadiana Motto
899	GOOGL	4/25/2022	buy	939	219.14	Dabjam	Fairleigh Avramov
900	AAPL	12/25/2016	sell	576	864.77	Mudo	Florencia Horbart
901	GOOGL	3/11/2019	sell	501	845.25	Linktype	Chelsey Guyet
902	AAPL	7/18/2016	buy	709	510.83	Divanoodle	Ramon Grabham
903	AAPL	6/7/2013	buy	866	705.62	Avamm	Stepha Doodney
904	AMZN	1/27/2022	sell	714	991.46	DabZ	Bethena Dinzey
905	AAPL	3/31/2010	sell	393	731.08	Ozu	Michel Crittal
906	AAPL	11/23/2014	buy	792	383.85	Demivee	Richart Pooley
907	GOOGL	12/27/2022	sell	529	119.59	Livetube	Hetty Bachman
908	AMZN	11/2/2019	buy	141	842.5	Linkbuzz	Ivie Wilkins
909	AAPL	6/25/2015	buy	507	840.13	Tambee	Clay Bernth
910	GOOGL	11/18/2011	sell	917	276.21	Babbleopia	Corry Skilbeck
911	AAPL	1/1/2014	sell	679	475.99	Blogtag	Irina Sollowaye
912	GOOGL	11/29/2020	buy	832	96.87	Divavu	Sigismundo Levensky
913	AMZN	6/10/2010	buy	197	362.94	Gigabox	Ailbert Helis
914	GOOGL	4/27/2017	buy	69	689.08	Zoombeat	Iolanthe Liff
915	AMZN	6/11/2014	sell	744	786.48	Kayveo	Demott Maginn
916	GOOGL	8/24/2016	buy	668	181.79	Buzzster	Aurthur McDoual
917	AMZN	8/10/2017	buy	710	345.77	Shufflebeat	Wallis Hritzko
918	AMZN	2/18/2019	buy	811	511.42	Tagcat	Hinda Doret
919	AMZN	2/17/2014	sell	797	685.42	LiveZ	Lutero Austwick
920	AAPL	12/23/2011	buy	477	340.49	Realmix	Smith Huison
921	AMZN	1/17/2020	buy	854	994.88	Pixoboo	Viola Moule
922	GOOGL	1/27/2013	sell	721	647.53	Vidoo	Angy Kydde
923	AMZN	9/11/2022	sell	44	538.6	Ntag	Ilysa Seifenmacher
924	AAPL	10/14/2015	buy	210	624.41	Voonder	Florentia Wilcocke
925	AMZN	12/24/2015	buy	916	422.51	Kazio	Evangelina Lomansey
926	AAPL	10/17/2022	sell	89	187.26	Wordtune	Irina Vanyushkin
927	AAPL	1/31/2019	sell	399	56.86	Devshare	Tobit Attlee
928	AMZN	7/29/2017	buy	170	119.34	Viva	Zedekiah Mathet
929	AAPL	8/29/2017	sell	853	136.97	Linklinks	Lettie Cartmell
930	AMZN	1/25/2020	sell	31	882.36	Jabbercube	Alexine Machon
931	AAPL	7/2/2017	buy	184	591.22	Demivee	Kippie Gerdts
932	AAPL	10/20/2010	buy	50	886.79	Skynoodle	Griffie Halhead
933	GOOGL	1/3/2013	sell	15	597.68	Aimbo	Olvan Flaxman
934	GOOGL	6/7/2013	buy	98	47.21	Einti	Cos Borsay
935	AMZN	10/18/2010	buy	766	916.43	Riffpath	Galvin Magwood
936	AAPL	1/13/2017	sell	585	287.38	Oozz	Fernandina McKinty
937	AAPL	6/30/2019	sell	772	482.34	Flipopia	Pauly Mattheis
938	AAPL	8/14/2015	buy	436	632.27	Ainyx	Mahmud Stansfield
939	AAPL	11/18/2018	buy	15	263.97	Bluezoom	Lewie Mora
940	AAPL	10/21/2012	sell	737	954.15	Realbuzz	Debby Vreiberg
941	GOOGL	4/23/2012	sell	119	420.6	Rhyloo	Gussi Bahike
942	GOOGL	1/22/2022	buy	363	500.42	Gabvine	Jaclin Sharphouse
943	AMZN	10/11/2014	sell	748	811.65	Jazzy	Doug Roxburgh
944	AMZN	4/1/2012	sell	918	425.92	Ainyx	Kenyon Howse
945	AAPL	5/26/2010	sell	512	875.46	Twimbo	Derron Kenealy
946	GOOGL	10/31/2015	buy	648	408.23	Divavu	Jamaal Gerdts
947	AMZN	3/4/2010	sell	200	82.87	Skilith	Terri Kimbury
948	AMZN	11/1/2016	sell	388	334.26	Zoomdog	Reeva Horwell
949	AAPL	1/24/2020	buy	742	669.3	Shufflester	Bartolomeo Formie
950	AMZN	3/2/2021	buy	280	544.39	Fadeo	Bride Pinkstone
951	GOOGL	8/30/2012	buy	688	359.09	Katz	Kinny Demann
952	AMZN	1/24/2013	sell	60	372.26	Babbleset	Paulina Groven
953	AAPL	5/14/2016	sell	430	972.51	Oyoyo	Tobe Colam
954	AAPL	7/10/2012	buy	430	341.27	Skipfire	Cora Wheatland
955	AMZN	12/2/2017	sell	531	377.9	Wikido	Worth Deplacido
956	AMZN	8/31/2022	sell	765	280.2	Jaloo	Charla Wavell
957	GOOGL	12/24/2014	buy	835	267.85	Voomm	Editha Marian
958	AMZN	2/26/2017	sell	521	127.35	Chatterbridge	Arni Phelps
959	GOOGL	11/21/2019	sell	615	791.43	Ntags	Aurthur Rosenblath
960	AAPL	1/14/2022	buy	288	147.86	Feedspan	Dasya Grosvenor
961	AAPL	4/22/2021	sell	316	725.44	Thoughtbeat	Eveline Dreelan
962	AMZN	12/24/2012	buy	188	722.8	Browsezoom	Francis Pedlar
963	GOOGL	4/5/2018	buy	512	103.06	Agivu	Sollie Ketch
964	AMZN	3/28/2013	sell	891	754.87	Skilith	Camala Gulc
965	AAPL	9/15/2017	sell	515	784.8	Edgeify	Mallory Vanyashkin
966	GOOGL	4/28/2012	buy	779	974.83	Skimia	Megen Brislen
967	AMZN	6/20/2010	buy	840	854.99	Gigazoom	Shurlock Chsteney
968	GOOGL	6/17/2010	sell	375	114.37	Zoomcast	Sherry Woodwing
969	AAPL	5/18/2022	sell	323	226.02	Tazz	Inglebert Glassford
970	AMZN	3/31/2010	buy	111	292.46	Tagfeed	Thorvald Lucken
971	AMZN	4/7/2013	buy	979	123.68	Jabbercube	Bess Le feaver
972	AMZN	2/28/2020	sell	207	40.2	Jabbercube	Aggi Early
973	AMZN	12/25/2016	buy	26	468.83	Quimm	Friedrick Waddilow
974	AMZN	10/15/2015	sell	826	534.85	Wikibox	Alexandro Pering
975	AAPL	10/28/2011	buy	630	928.67	Dazzlesphere	Rona Beslier
976	GOOGL	9/27/2020	buy	651	46.73	Blogpad	Claus Freckingham
977	AAPL	12/10/2015	buy	494	566.38	Centidel	Perry Dollar
978	GOOGL	10/12/2019	buy	936	6.07	Yacero	Niki Halshaw
979	AAPL	2/11/2019	buy	466	202.31	Flipstorm	Galvan Euler
980	AMZN	9/17/2017	buy	743	43.64	Browseblab	Melisent Rowston
981	AMZN	2/28/2018	buy	760	148.49	BlogXS	Sampson Bennellick
982	AAPL	8/29/2020	sell	699	244.37	Meembee	Valeria Whetnell
983	AMZN	9/3/2020	sell	574	914.62	Dynabox	Shandie Melchior
984	AMZN	9/7/2010	buy	833	322.7	Wordware	Hana Bartolomivis
985	AAPL	11/14/2020	sell	859	360.31	Eabox	Sosanna Rossiter
986	AAPL	1/22/2018	buy	936	894.01	Babbleopia	Johnette Monckton
987	GOOGL	1/31/2014	buy	252	943.82	Bubblebox	Tatiania Jedrzejewicz
988	GOOGL	4/21/2019	buy	146	764.32	Zazio	Issiah Ravillas
989	AMZN	11/8/2022	sell	574	599.49	Katz	Pete Lempenny
990	AMZN	11/26/2022	buy	748	71.77	Brightbean	Adriaens Withrington
991	AMZN	7/1/2022	buy	908	702.89	Mynte	Conan Barbour
992	AMZN	9/17/2011	sell	69	491.92	Quimm	Ollie Gerrad
993	AMZN	11/24/2022	sell	814	304.32	Eazzy	Horton O'Deegan
994	AAPL	3/17/2018	sell	594	502.67	Oloo	Franklyn Cronchey
995	AMZN	11/6/2020	sell	830	191.91	Yambee	Raychel Sprague
996	AAPL	4/30/2016	buy	200	479.15	Kimia	Gaynor Redparth
997	GOOGL	2/14/2016	buy	749	21.85	Fliptune	Chloe Ricci
998	GOOGL	9/24/2017	sell	324	242.72	Eazzy	Carin Dudbridge
999	AAPL	4/11/2012	buy	29	68.96	Riffwire	Donnie Randell
1000	AMZN	12/2/2015	sell	376	380.52	Blogspan	Elisabet Ransbury
